INSERT Roles(ID, Name) VALUES
(NEWID(), 'Admin'),
(NEWID(), 'Member')
GO 
INSERT Users(ID, Email, Name, Password, Phone) VALUES(NEWID(), 'ADMIN@GMAIL.COM', 'ADMIN', 'AQAAAAIAAYagAAAAELjXADrqYadkmarFvSIXUTlGfXhqvQx5yAhEDEnRD7MsoRxpGH4zlfgC67Xt48Gv8g==', '0702309446' )
GO
INSERT [dbo].[__EFMigrationsHistory] ([MigrationId], [ProductVersion]) VALUES (N'20250515103519_Update', N'8.0.1')
GO
INSERT [dbo].[Amenities] ([Id], [Name], [Description]) VALUES (N'efc9fa71-c3bc-4e04-b30a-02fe946deae4', N'giường ngủ', NULL)
INSERT [dbo].[Amenities] ([Id], [Name], [Description]) VALUES (N'f1a0521b-0e3b-4edc-a21b-2134ae11c9d7', N'bếp', NULL)
INSERT [dbo].[Amenities] ([Id], [Name], [Description]) VALUES (N'b80c6250-dd32-4b46-8643-348b97fb70b2', N'hồ bơi', NULL)
INSERT [dbo].[Amenities] ([Id], [Name], [Description]) VALUES (N'24c0ede9-61d1-41df-a937-9465c772ba86', N'nướng BBQ', NULL)
INSERT [dbo].[Amenities] ([Id], [Name], [Description]) VALUES (N'234d88d5-edab-4860-9f22-deeaf71656e5', N'điều hòa', NULL)
INSERT [dbo].[Amenities] ([Id], [Name], [Description]) VALUES (N'054e4f2a-3eb1-4c39-9278-eab568cffde4', N'quạt', NULL)
INSERT [dbo].[Amenities] ([Id], [Name], [Description]) VALUES (N'fc0869a6-0044-40a8-ae34-edbf4671ddf5', N'wifi', NULL)
INSERT [dbo].[Amenities] ([Id], [Name], [Description]) VALUES (N'33b95d53-0c46-42a9-8b36-fc8fed08ec51', N'bồn tắm', NULL)
GO
INSERT [dbo].[Categories] ([Id], [Name], [CreateAt]) VALUES (N'5b81d3dd-e435-4287-922b-2d119dbb2188', N'Phòng VIP', CAST(N'2025-05-16T00:59:26.0742480' AS DateTime2))
INSERT [dbo].[Categories] ([Id], [Name], [CreateAt]) VALUES (N'e63e3d12-bdd3-4032-a10e-2edf4e51f510', N'Bungalow', CAST(N'2025-05-15T17:37:29.7466667' AS DateTime2))
INSERT [dbo].[Categories] ([Id], [Name], [CreateAt]) VALUES (N'21d52d41-e7d6-4070-954d-417347fa14d9', N'Phòng Studio', CAST(N'2025-05-15T17:37:29.7466667' AS DateTime2))
INSERT [dbo].[Categories] ([Id], [Name], [CreateAt]) VALUES (N'10fb0bea-d9d7-47c5-b00f-438baf130040', N'Phòng Suite', CAST(N'2025-05-15T17:37:29.7466667' AS DateTime2))
INSERT [dbo].[Categories] ([Id], [Name], [CreateAt]) VALUES (N'9f235abb-09b2-4ee7-8dc4-5f90c95f8184', N'Phòng Gia Đình', CAST(N'2025-05-15T17:37:29.7466667' AS DateTime2))
INSERT [dbo].[Categories] ([Id], [Name], [CreateAt]) VALUES (N'668e3bc9-61dd-4c8d-9d1d-6272256514d6', N'Phòng Gác Lửng', CAST(N'2025-05-15T17:37:29.7466667' AS DateTime2))
INSERT [dbo].[Categories] ([Id], [Name], [CreateAt]) VALUES (N'5645a565-587f-4628-9df7-7c19652c39c6', N'Phòng Đơn', CAST(N'2025-05-15T17:37:29.7466667' AS DateTime2))
INSERT [dbo].[Categories] ([Id], [Name], [CreateAt]) VALUES (N'7469daf7-11b8-43ba-99e9-e3872c0a442e', N'Phòng Standard', CAST(N'2025-05-15T17:37:29.7466667' AS DateTime2))
GO
SET IDENTITY_INSERT [dbo].[Images] ON 

INSERT [dbo].[Images] ([Id], [Src], [Alt], [CreatedAt]) VALUES (1, N'https://dsdhome.vn/uploads/products/thiet-ke-homestay%20(14).jpg', N'Image from URL', CAST(N'2025-05-15T22:23:22.8468267' AS DateTime2))
INSERT [dbo].[Images] ([Id], [Src], [Alt], [CreatedAt]) VALUES (2, N'https://khachsandep.vn/storage/files/0%200%20%2010%20luu%20y%20khi%20thiet%20ke%20homestay%20nha%20pho/0%20y%20tuong%20thiet%20ke%20homestay%20nha%20vuon/thiet-ke-homestay-nha-vuon%20(1).jpg', N'Image from URL', CAST(N'2025-05-15T22:23:34.0409963' AS DateTime2))
INSERT [dbo].[Images] ([Id], [Src], [Alt], [CreatedAt]) VALUES (3, N'https://homestay.review/wp-content/uploads/2023/11/1d87e071cd1c1a42430d-144310.jpg', N'Image from URL', CAST(N'2025-05-15T22:23:43.2396081' AS DateTime2))
INSERT [dbo].[Images] ([Id], [Src], [Alt], [CreatedAt]) VALUES (4, N'https://homestay.review/wp-content/uploads/2018/10/67724987_2407443082671904_5727485025478246400_n-1.jpg', N'Image from URL', CAST(N'2025-05-15T22:23:50.3804582' AS DateTime2))
INSERT [dbo].[Images] ([Id], [Src], [Alt], [CreatedAt]) VALUES (5, N'https://khachsandep.vn/storage/files/shares/m%C3%B4%20h%C3%ACnh%20homestay%20%C4%91%C6%A1n%20gi%E1%BA%A3n/mo-hinh-homestay-don-gian-10.jpg', N'Image from URL', CAST(N'2025-05-15T22:23:57.0601486' AS DateTime2))
INSERT [dbo].[Images] ([Id], [Src], [Alt], [CreatedAt]) VALUES (6, N'https://encrypted-tbn0.gstatic.com/images?q=tbn:ANd9GcRd-DfAXzM9mTQIo9sV6Loeg2_jCWrqHSCdCA&s', N'Image from URL', CAST(N'2025-05-15T22:24:06.9204300' AS DateTime2))
SET IDENTITY_INSERT [dbo].[Images] OFF
GO
INSERT [dbo].[Rooms] ([Id], [Name], [Detail], [Note], [Price], [Status], [CreateAt], [IdUser], [PathImg], [IdCategory]) VALUES (N'6ef631f8-d8df-445f-becb-1a2b7ca67f8f', N'Phòng Gia Đình', N'Phòng rộng cho 4 người, có bếp nhỏ và bàn ăn tiện lợi.', NULL, CAST(1500000.00 AS Decimal(18, 2)), N'Còn trống', CAST(N'2025-05-16T00:58:20.2333333' AS DateTime2), NULL, N'https://noithatkendesign.vn/storage/app/media/uploaded-files/khong-gian-mo-khi-thiet-ke-homestay-nha-vuon.jpg', N'9f235abb-09b2-4ee7-8dc4-5f90c95f8184')
INSERT [dbo].[Rooms] ([Id], [Name], [Detail], [Note], [Price], [Status], [CreateAt], [IdUser], [PathImg], [IdCategory]) VALUES (N'df4a1281-a883-47ed-a218-589bf84bad24', N'Phòng VIP SSS', N'Không có gì để chê', NULL, CAST(10000000.00 AS Decimal(18, 2)), N'Còn trống', CAST(N'2025-05-17T01:54:44.6283170' AS DateTime2), NULL, N'https://betaviet.vn/wp-content/uploads/2024/08/thiet-ke-phong-ngu-khach-san-hien-dai-nt22080-4.jpg', N'5b81d3dd-e435-4287-922b-2d119dbb2188')
INSERT [dbo].[Rooms] ([Id], [Name], [Detail], [Note], [Price], [Status], [CreateAt], [IdUser], [PathImg], [IdCategory]) VALUES (N'5c7467d0-4eb3-48d6-a3fc-638e44ac885e', N'Phòng Gác Lửng', N'Phòng thiết kế gác lửng độc đáo, nội thất trẻ trung.', NULL, CAST(1100000.00 AS Decimal(18, 2)), N'Còn trống', CAST(N'2025-05-15T17:37:29.7466667' AS DateTime2), NULL, N'https://59sdesign.com/wp-content/uploads/2019/05/12764703_588502551299598_6344957696669573399_o.jpg', N'668e3bc9-61dd-4c8d-9d1d-6272256514d6')
INSERT [dbo].[Rooms] ([Id], [Name], [Detail], [Note], [Price], [Status], [CreateAt], [IdUser], [PathImg], [IdCategory]) VALUES (N'75b75b7e-69f1-4353-9fc7-63d79dd37a07', N'Phòng Superior View Vườn', N'Phòng có cửa sổ lớn hướng ra vườn, nội thất trang nhã.', NULL, CAST(1000000.00 AS Decimal(18, 2)), N'Còn trống', CAST(N'2025-05-16T00:58:20.2333333' AS DateTime2), NULL, N'https://storage.googleapis.com/digital-platform/large_hinh_anh_bat_mi_y_tuong_thiet_ke_homestay_doc_dao_hut_khach_so_1_12dc91aaa7/large_hinh_anh_bat_mi_y_tuong_thiet_ke_homestay_doc_dao_hut_khach_so_1_12dc91aaa7.jpg', N'7469daf7-11b8-43ba-99e9-e3872c0a442e')
INSERT [dbo].[Rooms] ([Id], [Name], [Detail], [Note], [Price], [Status], [CreateAt], [IdUser], [PathImg], [IdCategory]) VALUES (N'a148520d-081d-4dd9-b462-6725d59459ac', N'Căn Hộ Gia Đình', N'Căn hộ 2 phòng ngủ, bếp và phòng khách rộng.', NULL, CAST(2000000.00 AS Decimal(18, 2)), N'Còn trống', CAST(N'2025-05-16T00:58:20.2333333' AS DateTime2), NULL, N'https://giadinh.mediacdn.vn/2020/6/17/photo-1-15923745640061139450295.jpg', N'9f235abb-09b2-4ee7-8dc4-5f90c95f8184')
INSERT [dbo].[Rooms] ([Id], [Name], [Detail], [Note], [Price], [Status], [CreateAt], [IdUser], [PathImg], [IdCategory]) VALUES (N'06f56236-68d9-49e5-bc6c-6d2ba2a6c6d3', N'Phòng Áp Mái', N'Phòng nhỏ xinh trên tầng áp mái, phù hợp nghỉ ngắn hạn.', NULL, CAST(700000.00 AS Decimal(18, 2)), N'Còn trống', CAST(N'2025-05-16T00:58:20.2333333' AS DateTime2), NULL, N'https://kienviet.net/wp-content/uploads/2023/02/kienviet-khong-gian-homestay-doc-dao-voi-su-ket-hop-mau-sac-va-vat-lieu-20.jpg', N'9f235abb-09b2-4ee7-8dc4-5f90c95f8184')
INSERT [dbo].[Rooms] ([Id], [Name], [Detail], [Note], [Price], [Status], [CreateAt], [IdUser], [PathImg], [IdCategory]) VALUES (N'a310615d-d927-438f-aa5f-8ddf3209cc05', N'Phòng Tiêu Chuẩn 1 Giường', N'Phòng cơ bản với giường đôi, nhà vệ sinh riêng.', NULL, CAST(800000.00 AS Decimal(18, 2)), N'Còn trống', CAST(N'2025-05-16T00:58:20.2333333' AS DateTime2), NULL, N'https://dsdhome.vn/uploads/products/thiet-ke-homestay-gia-re-2.jpg', N'5645a565-587f-4628-9df7-7c19652c39c6')
INSERT [dbo].[Rooms] ([Id], [Name], [Detail], [Note], [Price], [Status], [CreateAt], [IdUser], [PathImg], [IdCategory]) VALUES (N'a89d82ff-0d00-42f1-b84d-98ba337eb854', N'Phòng Studio 1 Giường', N'Phòng hiện đại, giường lớn, phù hợp cặp đôi hoặc người đi công tác.', NULL, CAST(950000.00 AS Decimal(18, 2)), N'Còn trống', CAST(N'2025-05-16T00:58:20.2333333' AS DateTime2), NULL, N'https://file.hstatic.net/1000385007/file/oceanwood_sanctuary_b8420423fb3a44d584e963d475204d57_grande.jpg', N'21d52d41-e7d6-4070-954d-417347fa14d9')
INSERT [dbo].[Rooms] ([Id], [Name], [Detail], [Note], [Price], [Status], [CreateAt], [IdUser], [PathImg], [IdCategory]) VALUES (N'528182f7-d515-4321-9556-a0dd446944b9', N'Phòng Nghỉ Dưỡng VIP', N'Không gian sang trọng, nội thất cao cấp, tầm nhìn biển tuyệt đẹp.', NULL, CAST(2500000.00 AS Decimal(18, 2)), N'Còn trống', CAST(N'2025-05-16T00:58:20.2333333' AS DateTime2), NULL, N'https://noithatductu.vn/wp-content/uploads/2025/03/phong-ngu-homestay-4-2.jpg', N'5b81d3dd-e435-4287-922b-2d119dbb2188')
INSERT [dbo].[Rooms] ([Id], [Name], [Detail], [Note], [Price], [Status], [CreateAt], [IdUser], [PathImg], [IdCategory]) VALUES (N'7fa717d8-cf29-4c10-aeb2-ac6ced0593af', N'Bungalow Riêng Tư', N'Phòng riêng biệt, không gian mở gần gũi thiên nhiên, lý tưởng cho nghỉ dưỡng.', NULL, CAST(1800000.00 AS Decimal(18, 2)), N'Còn trống', CAST(N'2025-05-15T17:37:29.7466667' AS DateTime2), NULL, N'https://ohdidi.vn//uploads/static/HOMES/da-nang/bungalow_healing/bungalow_healing_13.jpg', N'e63e3d12-bdd3-4032-a10e-2edf4e51f510')
INSERT [dbo].[Rooms] ([Id], [Name], [Detail], [Note], [Price], [Status], [CreateAt], [IdUser], [PathImg], [IdCategory]) VALUES (N'f34b40c8-c322-4366-87af-bea3f97d8c30', N'Bungalow Riêng Tư', N'Phòng riêng biệt, không gian mở gần gũi thiên nhiên, lý tưởng cho nghỉ dưỡng.', NULL, CAST(1800000.00 AS Decimal(18, 2)), N'Còn trống', CAST(N'2025-05-16T00:58:20.2333333' AS DateTime2), NULL, N'https://phuongtrangwindow.com/wp-content/uploads/2021/08/homestay-Industrial.jpg', N'5645a565-587f-4628-9df7-7c19652c39c6')
INSERT [dbo].[Rooms] ([Id], [Name], [Detail], [Note], [Price], [Status], [CreateAt], [IdUser], [PathImg], [IdCategory]) VALUES (N'56799940-f9c6-43dc-bdf2-c903cacf9f1b', N'Phòng Gia Đình', N'Phòng rộng cho 4 người, có bếp nhỏ và bàn ăn tiện lợi.', NULL, CAST(1500000.00 AS Decimal(18, 2)), N'Còn trống', CAST(N'2025-05-15T17:37:29.7466667' AS DateTime2), NULL, N'https://www.arttravel.com.vn/upload/news/baobab-homestay-4-2043-9275.jpg', N'9f235abb-09b2-4ee7-8dc4-5f90c95f8184')
INSERT [dbo].[Rooms] ([Id], [Name], [Detail], [Note], [Price], [Status], [CreateAt], [IdUser], [PathImg], [IdCategory]) VALUES (N'02de8fe4-385f-4e12-91f5-cad4c0c388cb', N'Phòng Tiêu Chuẩn 2 Giường', N'Phòng có hai giường đơn, phù hợp cho bạn bè hoặc đồng nghiệp.', NULL, CAST(850000.00 AS Decimal(18, 2)), N'Còn trống', CAST(N'2025-05-16T00:58:20.2333333' AS DateTime2), NULL, N'https://static-6.happynest.vn/storage/uploads/2025/03/bi-quyet-thiet-ke-noi-that-homestay-van-nguoi-me-khien-khach-luu-tru-khong-muon-roi-di_1.jpg', N'e63e3d12-bdd3-4032-a10e-2edf4e51f510')
INSERT [dbo].[Rooms] ([Id], [Name], [Detail], [Note], [Price], [Status], [CreateAt], [IdUser], [PathImg], [IdCategory]) VALUES (N'ab8288a7-d2d5-4567-a186-cf3b7d55f52d', N'Căn Hộ Mini', N'Phòng dạng căn hộ nhỏ, có bếp và khu tiếp khách.', NULL, CAST(1350000.00 AS Decimal(18, 2)), N'Còn trống', CAST(N'2025-05-16T00:58:20.2333333' AS DateTime2), NULL, N'https://khonggianxanh.com/wp-content/uploads/2020/08/thiet-ke-noi-that-homestay-net-moc-mac-dang-yeu-4.jpg', N'21d52d41-e7d6-4070-954d-417347fa14d9')
INSERT [dbo].[Rooms] ([Id], [Name], [Detail], [Note], [Price], [Status], [CreateAt], [IdUser], [PathImg], [IdCategory]) VALUES (N'93239597-78bd-46d8-b3b7-dabc5560ada8', N'Phòng Deluxe Hướng Biển', N'Phòng rộng rãi với ban công hướng biển, giường đôi, có bồn tắm.', NULL, CAST(1200000.00 AS Decimal(18, 2)), N'Còn trống', CAST(N'2025-05-15T17:37:29.7466667' AS DateTime2), NULL, N'https://movenpickresortcamranh.com/wp-content/uploads/2022/06/Movenpick-Resort-Cam-Ranh12.jpg', N'5645a565-587f-4628-9df7-7c19652c39c6')
INSERT [dbo].[Rooms] ([Id], [Name], [Detail], [Note], [Price], [Status], [CreateAt], [IdUser], [PathImg], [IdCategory]) VALUES (N'25714739-00fc-46ea-8294-e198a51abab8', N'Phòng Studio Ban Công', N'Phòng có ban công riêng, view phố, giường lớn.', NULL, CAST(980000.00 AS Decimal(18, 2)), N'Còn trống', CAST(N'2025-05-16T00:58:20.2333333' AS DateTime2), NULL, N'https://vietstayhomestay.com/wp-content/webp-express/webp-images/uploads/2023/12/Thiet-ke-homestay-phong-cach-wabi-sabi.jpg.webp', N'21d52d41-e7d6-4070-954d-417347fa14d9')
INSERT [dbo].[Rooms] ([Id], [Name], [Detail], [Note], [Price], [Status], [CreateAt], [IdUser], [PathImg], [IdCategory]) VALUES (N'30b483fd-9be6-46e5-bf74-e72a8cdc51b5', N'Phòng Studio 1 Giường', N'Phòng hiện đại, giường lớn, phù hợp cặp đôi hoặc người đi công tác.', NULL, CAST(950000.00 AS Decimal(18, 2)), N'Còn trống', CAST(N'2025-05-15T17:37:29.7466667' AS DateTime2), NULL, N'https://i0.wp.com/tanphuongnamhotel.com/wp-content/uploads/2021/03/studio-apartment-1.jpg', N'5645a565-587f-4628-9df7-7c19652c39c6')
INSERT [dbo].[Rooms] ([Id], [Name], [Detail], [Note], [Price], [Status], [CreateAt], [IdUser], [PathImg], [IdCategory]) VALUES (N'b5d7622a-2cfd-40b0-a2ed-e75a14ece7ca', N'Phòng Deluxe Hướng Biển', N'Phòng rộng rãi với ban công hướng biển, giường đôi, có bồn tắm.', NULL, CAST(1200000.00 AS Decimal(18, 2)), N'Còn trống', CAST(N'2025-05-16T00:58:20.2333333' AS DateTime2), NULL, N'https://cnd-aluminium.com.vn/wp-content/uploads/2022/07/homestay-view-dep.jpg', N'5b81d3dd-e435-4287-922b-2d119dbb2188')
INSERT [dbo].[Rooms] ([Id], [Name], [Detail], [Note], [Price], [Status], [CreateAt], [IdUser], [PathImg], [IdCategory]) VALUES (N'4a6b8ee3-615b-48e0-ae55-ec576d935a29', N'Phòng Gác Lửng', N'Phòng thiết kế gác lửng độc đáo, nội thất trẻ trung.', NULL, CAST(1100000.00 AS Decimal(18, 2)), N'Còn trống', CAST(N'2025-05-16T00:58:20.2333333' AS DateTime2), NULL, N'https://encrypted-tbn0.gstatic.com/images?q=tbn:ANd9GcRTWDDFAyoa8ZENPYmy7pHc-O73SXIDyFnc-Q&s', N'668e3bc9-61dd-4c8d-9d1d-6272256514d6')
INSERT [dbo].[Rooms] ([Id], [Name], [Detail], [Note], [Price], [Status], [CreateAt], [IdUser], [PathImg], [IdCategory]) VALUES (N'6b31d50d-5894-4924-9d23-f6ae4ccb65f3', N'Phòng Nghỉ Sinh Viên', N'Phòng đơn giá rẻ, tiện lợi cho sinh viên hoặc phượt thủ.', NULL, CAST(500000.00 AS Decimal(18, 2)), N'Còn trống', CAST(N'2025-05-16T00:58:20.2333333' AS DateTime2), NULL, N'https://cdn.vietnammoi.vn/2019/11/2/homestay-gac-mai-o-da-lat-5-15726665091722046789026.jpg', N'7469daf7-11b8-43ba-99e9-e3872c0a442e')
INSERT [dbo].[Rooms] ([Id], [Name], [Detail], [Note], [Price], [Status], [CreateAt], [IdUser], [PathImg], [IdCategory]) VALUES (N'ce6e8ebb-51b7-4f29-880c-f74c9e37709c', N'Phòng Đơn Tiện Lợi', N'Phòng đơn nhỏ gọn, đầy đủ tiện nghi.', NULL, CAST(650000.00 AS Decimal(18, 2)), N'Còn trống', CAST(N'2025-05-16T00:58:20.2333333' AS DateTime2), NULL, N'https://taxitaithanhhung.com/wp-content/uploads/decor-phong-tro-khong-gac-2-533x400.jpg', N'5645a565-587f-4628-9df7-7c19652c39c6')
GO
INSERT [dbo].[Services] ([Id], [ServiceName], [Description], [Price]) VALUES (N'1610a3e5-8c19-4861-6163-08dd94ac1bb5', N'Chèo thuyền thúng', N'', CAST(200000.00 AS Decimal(18, 2)))
GO